星5段階評価,店名,ジャンル,お問い合わせ,予約可否,住所,交通手段,営業時間,Dinner,Lunch,支払い方法,予約・ お問い合わせ,サービス料・チャージ
3.60,麺屋 音 別邸（メンヤ オト ベッテイ）,ラーメン,03-5284-1139,予約不可,東京都足立区千住4-19-11,北千住駅から徒歩5分 北千住駅から384m,11:30 - 00:00 ■ 定休日無,"￥1,000～￥1,999","￥1,000～￥1,999",カード不可 電子マネー不可,,
3.67,麺屋 音（オト）,ラーメン、つけ麺,03-3882-3922,予約不可,東京都足立区千住3-60 土井川ビル 1F,北千住駅から徒歩5分 北千住駅から341m,月・火・水・木・日 11:00 - 00:00 金・土 11:00 - 01:00 ■ 定休日無,"￥1,000～￥1,999","￥1,000～￥1,999",カード不可 電子マネー不可 QRコード決済不可,,
3.48,ラーメン 豚山 北千住東口店,ラーメン,不明の為情報お待ちしております,予約不可,東京都足立区千住旭町40-28,北千住駅から133m,11:00 - 22:00 ■ 営業時間営業時間・休業営業時間・休業日は変更となる場合がございますので、HPにて最新情報をご確認ください,"￥1,000～￥1,999","￥1,000～￥1,999",カード不可 電子マネー可 （交通系電子マネー（Suicaなど）） QRコード決済不可,,
3.09,らぁ麺 はやし田 北千住店,ラーメン,03-5284-8388,予約不可,東京都足立区千住2-55 Sハウス１階２階,北千住駅から194m,11:00〜23:30無休 営業時間・定休日は変更となる場合がございますので、ご来店前に店舗にご確認ください。,"￥1,000～￥1,999","￥1,000～￥1,999",カード不可 電子マネー不可 QRコード決済不可,,
3.13,紅虎餃子房 ルミネ北千住店（べにとらぎょうざぼう）,中華料理、飲茶・点心、ラーメン,,予約可,東京都足立区千住旭町42-2 ルミネ北千住店 8F,JR・地下鉄北千住駅 徒歩1分 北千住駅から61m,11:00 - 22:00 ■ 営業時間11:00～22:00（21:30）■ 定休日ルミネ北千住に準ずる,"￥1,000～￥1,999","￥1,000～￥1,999",カード可 （VISA、Master、JCB、AMEX、Diners） 電子マネー不可 QRコード決済可,03-3870-9122,
3.21,らあめん 雅知（ガチ）,ラーメン,不明の為情報お待ちしております,予約不可,東京都足立区千住3-55 このお店は「足立区伊興本町1-10-1」から移転しています。 ※移転前の情報は最新のものとは異なります。 移転前の店舗情報を見る,北千住駅から428m,火・水・木・金・土 11:30 - 14:30 18:00 - 21:00 日 11:30 - 14:30 月 定休日 営業時間・定休日は変更となる場合がございますので、ご来店前に店舗にご確認ください。,Non-Info,～￥999,カード不可 電子マネー不可 QRコード決済不可,,
3.27,北海道らーめん奥原流 久楽 北千住店,ラーメン、つけ麺,03-5284-1440,予約不可,東京都足立区千住旭町42-1 北千住駅構内２Fコンコース,北千住駅構内２Fコンコース 北千住駅から33m,07:00 - 09:30 10:00 - 23:00 ■ 営業時間9:30～10:00の間はスープ入換えの為準備中になります。■定休日無休,"￥1,000～￥1,999","￥1,000～￥1,999",カード不可 電子マネー可 QRコード決済可,,
3.48,スタンド バイ ミー（STAND BY ME）,つけ麺、ラーメン,不明の為情報お待ちしております,予約不可,東京都足立区千住中居町17-14 1F,北千住駅西口7分。JR常磐線、東武スカイツリーライン＆伊勢崎線、東京メトロ日比谷＆千代田線、つくばエクスプレス各線から、駅前きたろーど1010(センジュ)直進、国道4号交差点わたり左手沿い。 北千住駅から508m,月・火・木・金・土・日 11:00 - 15:00 17:30 - 21:30 水 定休日 営業時間・定休日は変更となる場合がございますので、ご来店前に店舗にご確認ください。,"￥1,000～￥1,999","￥1,000～￥1,999",カード不可 電子マネー不可 QRコード決済不可,,なし。
3.73,つけめん さなだ,つけ麺、ラーメン,不明の為情報お待ちしております,予約不可,東京都足立区千住3-6 このお店は「三郷市早稲田4-8-1」から移転しています。 ※移転前の情報は最新のものとは異なります。 移転前の店舗情報を見る,北千住駅２番出口から徒歩5分 北千住駅から451m,月・火・水・木・金 11:30 - 14:45 18:00 - 21:30 土 11:00 - 15:45 17:30 - 21:30 日 11:00 - 15:45 17:30 - 21:00 祝日 11:00 - 14:45 18:00 - 21:30 営業時間・定休日は変更となる場合がございますので、ご来店前に店舗にご確認ください。,"￥1,000～￥1,999","￥1,000～￥1,999",カード不可 電子マネー不可 QRコード決済可 （PayPay、d払い、楽天ペイ、au PAY）,,
3.64,らぁ麺屋のさかいさん,ラーメン、油そば・まぜそば,不明の為情報お待ちしております,予約不可,東京都足立区千住旭町43-13,北千住駅から171m,月・火・木・金・土 11:30 - 14:30 18:00 - 21:00 日・祝日 11:30 - 16:00 水 定休日 営業時間・定休日は変更となる場合がございますので、ご来店前に店舗にご確認ください。,"￥1,000～￥1,999","￥1,000～￥1,999",カード不可 電子マネー不可 QRコード決済不可,,
3.50,横浜ラーメン 武蔵家 北千住店,ラーメン、つけ麺,03-3870-7410,予約不可,東京都足立区千住旭町40-25 吉田ビル 1F,北千住駅から166m,月・火・水・木・金・土 06:00 - 22:00 日 定休日 2024年12月30日から2025年1月5日 休み 営業時間・定休日は変更となる場合がございますので、ご来店前に店舗にご確認ください。,"￥1,000～￥1,999","￥1,000～￥1,999",カード不可 電子マネー不可 QRコード決済不可,,
3.03,日高屋 北千住東口店,ラーメン、中華料理,03-3888-0155,予約不可,東京都足立区千住旭町40-22,北千住駅から225m,月・火・水・木・土・日・祝日 10:30 - 23:00 L.O. 22:30 金 10:30 - 00:00 L.O. 23:30 営業時間・定休日は変更となる場合がございますので、ご来店前に店舗にご確認ください。,～￥999,～￥999,カード可 （VISA、Master、JCB、AMEX、Diners、UnionPay） 電子マネー可 （交通系電子マネー（Suicaなど）、楽天Edy、nanaco、WAON、iD、QUICPay） QRコード決済可 （PayPay、d払い、楽天ペイ、au PAY、Alipay、WeChat Pay）,,
3.41,東池袋 大勝軒 ○高屋（まるたかや）,ラーメン、つけ麺,03-3870-9555,予約不可,東京都足立区千住3-12,JR常磐線・東京メトロ(千代田線・日比谷線)・東武線・つくばEX・「北千住駅」 北千住駅から542m,月・火・木・金・土・日 11:00 - 15:00 17:30 - 00:00 水 定休日 営業時間・定休日は変更となる場合がございますので、ご来店前に店舗にご確認ください。,"￥1,000～￥1,999","￥1,000～￥1,999",カード不可 電子マネー不可 QRコード決済不可,,
3.07,東京油組総本店 北千住組,油そば・まぜそば,03-5284-9368,予約不可,東京都足立区千住3-75-8,北千住から徒歩3分くらい。旧日光街道の宿場町通り 北千住駅から245m,11:00 - 23:00 営業時間・定休日は変更となる場合がございますので、ご来店前に店舗にご確認ください。,～￥999,"￥1,000～￥1,999",カード不可 電子マネー不可 QRコード決済不可,,
3.37,宗庵 北千住店,ラーメン、つけ麺、餃子,03-5244-2134,予約不可,東京都足立区千住2-18,北千住駅から、徒歩7分です。 北千住駅から396m,Non-Info,"￥1,000～￥1,999","￥1,000～￥1,999",カード不可 電子マネー不可 QRコード決済不可,,
3.03,どさん子 千住一丁目店,ラーメン、餃子,03-3881-4303,予約不可,東京都足立区千住1-23-11,北千住駅から、6分（0.5km）です。 北千住駅から368m,月・火・木・金・土・日 11:30 - 22:00 水 定休日,"￥1,000～￥1,999",～￥999,カード不可,,
3.48,中華蕎麦 三藤 北千住マルイ店,ラーメン、つけ麺,03-6806-2166,予約不可,東京都足立区千住3-92 北千住マルイ 9F,北千住駅から175m,11:00 - 22:00 営業時間・定休日は変更となる場合がございますので、ご来店前に店舗にご確認ください。,"￥1,000～￥1,999","￥1,000～￥1,999",カード不可 電子マネー不可 QRコード決済不可,,
3.64,千住 チャーシュー軒,ラーメン,非公開,予約不可,東京都足立区千住2-64-1 北千住Village 1F,北千住駅から104m,月・火・水・木・土・日 11:00 - 04:00 金 11:00 - 07:00 ■営業時間am11:00-am4:00※毎週金曜日のみam11:00-am7:00 営業時間・定休日は変更となる場合がございますので、ご来店前に店舗にご確認ください。,"￥1,000～￥1,999","￥1,000～￥1,999",カード可 （VISA、Master、JCB、AMEX、Diners） 電子マネー可 （交通系電子マネー（Suicaなど）、楽天Edy、iD、QUICPay） QRコード決済可 （PayPay、d払い、楽天ペイ、au PAY）,,
3.01,天下一品 北千住店,ラーメン,,Non-Info,東京都足立区千住2-16-3,北千住駅から399m,11:00 - 23:00 営業時間・定休日は変更となる場合がございますので、ご来店前に店舗にご確認ください。,Non-Info,"￥1,000～￥1,999",カード不可 電子マネー不可 QRコード決済不可,不明の為情報お待ちしております,
3.42,雲林坊 北千住東口店,担々麺、中華料理,03-5284-8077,予約不可,東京都足立区千住旭町41-2,北千住駅東口のエスカレーターを降りて目の前 北千住駅から76m,火・水・木・金 11:30 - 23:00 L.O. 22:30 土・日・祝日 11:00 - 22:30 L.O. 22:00 月 定休日 営業時間・定休日は変更となる場合がございますので、ご来店前に店舗にご確認ください。,"￥1,000～￥1,999","￥1,000～￥1,999",カード不可 電子マネー不可 QRコード決済可 （PayPay）,,
